seed,method,marginal_cov,mean_width,ece,cov_power,width_power,rmse_power,cov_water,width_water,rmse_water,cov_telecom,width_telecom,rmse_telecom
0,meta_learned,0.9026548672566371,0.7767086029052734,0.08938053097345132,0.94,0.7375237941741943,0.21593023836612701,0.868421052631579,0.8063295483589172,0.2678717374801636,0.88,0.8100544810295105,0.25286397337913513
0,chmp_learned_lambda,0.8938053097345132,0.7639595866203308,0.09292035398230085,0.94,0.736692488193512,0.21593023836612701,0.8421052631578947,0.7761802673339844,0.2678717374801636,0.88,0.7999182939529419,0.25286397337913513
0,chmp_attention,0.8938053097345132,0.7755625247955322,0.059292035398230046,0.94,0.7410531640052795,0.21593023836612701,0.8421052631578947,0.8007408976554871,0.2678717374801636,0.88,0.8063104152679443,0.25286397337913513
0,cqr_propagation,0.8761061946902655,1.5209755897521973,0.07522123893805306,0.88,0.9816476702690125,0.21593023836612701,0.8421052631578947,1.005839467048645,0.2678717374801636,0.92,3.382638454437256,0.25286397337913513
