seed,alpha,marginal_cov,mean_width,ece,cov_power,width_power,cov_water,width_water,cov_telecom,width_telecom
0,0.05,0.9469026548672567,0.9789033532142639,0.05265486725663717,0.94,0.9800437688827515,1.0,1.0452299118041992,0.88,0.8758059144020081
0,0.1,0.9203539823008849,0.8070521354675293,0.06991150442477874,0.9,0.809867262840271,0.9736842105263158,0.8226828575134277,0.88,0.7776631712913513
0,0.15,0.8761061946902655,0.7039388418197632,0.0632743362831858,0.88,0.675300121307373,0.868421052631579,0.7361493110656738,0.88,0.7122562527656555
0,0.2,0.8584070796460177,0.6343536972999573,0.08318584070796456,0.84,0.5907002687454224,0.868421052631579,0.6995624303817749,0.88,0.6225435733795166
