seed,method,marginal_cov,mean_width,ece,cov_power,width_power,rmse_power,cov_water,width_water,rmse_water,cov_telecom,width_telecom,rmse_telecom
0,mondrian_cp,0.8849557522123894,0.8265304565429688,0.03097345132743364,0.88,0.775387704372406,0.22345618903636932,0.8947368421052632,0.878154456615448,0.27247384190559387,0.88,0.8503472208976746,0.26268017292022705
0,chmp_mean,0.8849557522123894,0.8348208665847778,0.08053097345132741,0.88,0.7925831079483032,0.22345618903636932,0.8947368421052632,0.8775864839553833,0.27247384190559387,0.88,0.854292631149292,0.26268017292022705
0,chmp_median,0.8849557522123894,0.8341400623321533,0.07876106194690263,0.88,0.7929019331932068,0.22345618903636932,0.8947368421052632,0.8778780698776245,0.27247384190559387,0.88,0.8501346707344055,0.26268017292022705
0,chmp_median_floor,0.8849557522123894,0.8341400623321533,0.07876106194690263,0.88,0.7929019331932068,0.22345618903636932,0.8947368421052632,0.8778780698776245,0.27247384190559387,0.88,0.8501346707344055,0.26268017292022705
