{
  "marginal_coverage": 0.8938053097345132,
  "type_coverage": {
    "power": 0.94,
    "water": 0.8421052631578947,
    "telecom": 0.88
  },
  "mean_width": 0.7743027210235596,
  "ece": 0.061061946902654825,
  "width_decile": {
    "decile_centers": [
      0.7243838965892792,
      0.7285780966281891,
      0.7387464165687561,
      0.7579812049865723,
      0.7811761021614074,
      0.793502128124237,
      0.7980869531631469,
      0.801874315738678,
      0.8055982708930969,
      0.811987292766571
    ],
    "coverage": [
      1.0,
      0.9090909090909091,
      0.9090909090909091,
      1.0,
      0.9090909090909091,
      0.5833333333333334,
      0.9090909090909091,
      0.9090909090909091,
      0.9090909090909091,
      0.9166666666666666
    ],
    "width_edges": [
      0.7243525981903076,
      0.7244151949882507,
      0.7327409982681274,
      0.7447518348693848,
      0.7712105751037598,
      0.7911416292190552,
      0.7958626270294189,
      0.800311279296875,
      0.803437352180481,
      0.8077591896057129,
      0.8162153959274292
    ]
  },
  "coverage_ci": {
    "point": 0.8938053097345132,
    "ci_lower": 0.831858407079646,
    "ci_upper": 0.9469026548672567,
    "se": 0.029620641629199917
  },
  "width_ci": {
    "point": 0.7743027210235596,
    "ci_lower": 0.7681420981884003,
    "ci_upper": 0.7807156547904015,
    "se": 0.0030920124311066186
  },
  "sigma_vs_hitrate": {
    "power": {
      "sigma_bin_centers": [
        1.0006457090377807,
        1.0048442244529725,
        1.0112051606178283,
        1.0170461058616638,
        1.0241868019104003,
        1.040381407737732,
        1.0578891277313232,
        1.083250629901886
      ],
      "hitrate": [
        1.0,
        0.8,
        1.0,
        0.8,
        1.0,
        1.0,
        1.0,
        0.8
      ],
      "bin_sizes": [
        15,
        5,
        5,
        5,
        4,
        6,
        5,
        5
      ]
    },
    "water": {
      "sigma_bin_centers": [
        1.0205832242965698,
        1.022290790081024,
        1.0233019828796386,
        1.025558888912201,
        1.0281209528446198,
        1.0294010102748872,
        1.0315804362297056,
        1.0346631884574888,
        1.0376086294651032,
        1.0426072776317596
      ],
      "hitrate": [
        1.0,
        1.0,
        0.25,
        0.3333333333333333,
        1.0,
        1.0,
        1.0,
        1.0,
        0.75,
        1.0
      ],
      "bin_sizes": [
        4,
        4,
        4,
        3,
        4,
        4,
        3,
        4,
        4,
        4
      ]
    },
    "telecom": {
      "sigma_bin_centers": [
        1.0253485798835755,
        1.0273955106735229,
        1.0287261843681335,
        1.0301108360290527,
        1.0320730447769164,
        1.0340763568878173,
        1.0357986211776735,
        1.0368884325027468,
        1.0388039350509644,
        1.0428860545158387
      ],
      "hitrate": [
        0.6666666666666666,
        1.0,
        1.0,
        1.0,
        0.5,
        1.0,
        1.0,
        1.0,
        0.5,
        1.0
      ],
      "bin_sizes": [
        3,
        2,
        3,
        2,
        2,
        3,
        2,
        3,
        2,
        3
      ]
    }
  },
  "degree_coverage": {
    "power": {
      "degree_bins": [
        1.0,
        1.0,
        1.5,
        2.5,
        5.0
      ],
      "coverage": [
        NaN,
        NaN,
        0.9583333333333334,
        1.0,
        0.8461538461538461
      ]
    },
    "water": {
      "degree_bins": [
        21.8,
        28.700000000000003,
        32.9,
        39.0,
        49.5
      ],
      "coverage": [
        1.0,
        1.0,
        1.0,
        0.8571428571428571,
        0.5
      ]
    },
    "telecom": {
      "degree_bins": [
        35.1,
        45.1,
        50.8,
        59.0,
        77.7
      ],
      "coverage": [
        0.8,
        1.0,
        1.0,
        1.0,
        0.6
      ]
    }
  },
  "nonexchangeability": {
    "power": {
      "statistic": -0.2857738033247041,
      "p_value": 0.7750513736700824,
      "n_runs": 25,
      "expected_runs": 26.0
    },
    "water": {
      "statistic": 1.5062169492102861,
      "p_value": 0.13201148979568877,
      "n_runs": 24,
      "expected_runs": 19.486486486486488
    },
    "telecom": {
      "statistic": 0.21282896242613855,
      "p_value": 0.8314603724860339,
      "n_runs": 14,
      "expected_runs": 13.48
    }
  },
  "spatial_autocorrelation": {
    "power": {
      "morans_i": 0.31631205673758744,
      "z_score": 2.3570415400202553,
      "p_value": 0.01842118606277099
    },
    "water": {
      "morans_i": 0.30416666666666736,
      "z_score": 2.01457259027107,
      "p_value": 0.043949451840877396
    },
    "telecom": {
      "morans_i": 0.024242424242424166,
      "z_score": 0.322887284275964,
      "p_value": 0.7467806066457108
    }
  }
}