seed,lambda,marginal_cov,mean_width,ece,cov_power,width_power,cov_water,width_water,cov_telecom,width_telecom
0,0.0,0.8849557522123894,0.8502101302146912,0.02920353982300884,0.9,0.8423323035240173,0.9210526315789473,0.9299479126930237,0.8,0.7447640299797058
0,0.1,0.8849557522123894,0.8470883369445801,0.06460176991150442,0.9,0.8341988921165466,0.9210526315789473,0.9302773475646973,0.8,0.7464199662208557
0,0.3,0.8849557522123894,0.841213047504425,0.06460176991150442,0.9,0.8188318014144897,0.9210526315789473,0.9309142231941223,0.8,0.7496297955513
0,0.5,0.8849557522123894,0.8357835412025452,0.0734513274336283,0.9,0.8045579791069031,0.9210526315789473,0.9315236806869507,0.8,0.7527101039886475
0,1.0,0.8849557522123894,0.8257893919944763,0.06637168141592917,0.9,0.7773047685623169,0.9210526315789473,0.932938814163208,0.8,0.7598915100097656
