{
  "baseline": {
    "mondrian_cp": {
      "mean_cov": 0.8849557522123894,
      "std_cov": 0.0,
      "mean_width": 0.8265304565429688,
      "std_width": 0.0,
      "mean_ece": 0.03097345132743364
    },
    "chmp_mean": {
      "mean_cov": 0.8849557522123894,
      "std_cov": 0.0,
      "mean_width": 0.8348208665847778,
      "std_width": 0.0,
      "mean_ece": 0.08053097345132741
    },
    "chmp_median": {
      "mean_cov": 0.8849557522123894,
      "std_cov": 0.0,
      "mean_width": 0.8341400623321533,
      "std_width": 0.0,
      "mean_ece": 0.07876106194690263
    },
    "chmp_median_floor": {
      "mean_cov": 0.8849557522123894,
      "std_cov": 0.0,
      "mean_width": 0.8341400623321533,
      "std_width": 0.0,
      "mean_ece": 0.07876106194690263
    }
  },
  "advanced": {
    "meta_learned": {
      "mean_cov": 0.9026548672566371,
      "std_cov": 0.0,
      "mean_width": 0.7767086029052734,
      "std_width": 0.0,
      "mean_ece": 0.08938053097345132
    },
    "chmp_learned_lambda": {
      "mean_cov": 0.8938053097345132,
      "std_cov": 0.0,
      "mean_width": 0.7639595866203308,
      "std_width": 0.0,
      "mean_ece": 0.09292035398230085
    },
    "chmp_attention": {
      "mean_cov": 0.8938053097345132,
      "std_cov": 0.0,
      "mean_width": 0.7755625247955322,
      "std_width": 0.0,
      "mean_ece": 0.059292035398230046
    },
    "cqr_propagation": {
      "mean_cov": 0.8761061946902655,
      "std_cov": 0.0,
      "mean_width": 1.5209755897521973,
      "std_width": 0.0,
      "mean_ece": 0.07522123893805306
    }
  },
  "ensemble": {
    "ensemble_cp": {
      "mean_cov": 0.8849557522123894,
      "std_cov": 0.0,
      "mean_width": 0.759734570980072,
      "std_width": 0.0,
      "mean_ece": 0.08053097345132741
    }
  },
  "lambda": {
    "0.0": {
      "mean_cov": 0.8849557522123894,
      "std_cov": 0.0,
      "mean_width": 0.8502101302146912,
      "std_width": 0.0,
      "mean_ece": 0.02920353982300884
    },
    "0.1": {
      "mean_cov": 0.8849557522123894,
      "std_cov": 0.0,
      "mean_width": 0.8470883369445801,
      "std_width": 0.0,
      "mean_ece": 0.06460176991150442
    },
    "0.3": {
      "mean_cov": 0.8849557522123894,
      "std_cov": 0.0,
      "mean_width": 0.841213047504425,
      "std_width": 0.0,
      "mean_ece": 0.06460176991150442
    },
    "0.5": {
      "mean_cov": 0.8849557522123894,
      "std_cov": 0.0,
      "mean_width": 0.8357835412025452,
      "std_width": 0.0,
      "mean_ece": 0.0734513274336283
    },
    "1.0": {
      "mean_cov": 0.8849557522123894,
      "std_cov": 0.0,
      "mean_width": 0.8257893919944763,
      "std_width": 0.0,
      "mean_ece": 0.06637168141592917
    }
  },
  "alpha": {
    "0.05": {
      "mean_cov": 0.9469026548672567,
      "std_cov": 0.0,
      "mean_width": 0.9789033532142639,
      "std_width": 0.0,
      "mean_ece": 0.05265486725663717
    },
    "0.1": {
      "mean_cov": 0.9203539823008849,
      "std_cov": 0.0,
      "mean_width": 0.8070521354675293,
      "std_width": 0.0,
      "mean_ece": 0.06991150442477874
    },
    "0.15": {
      "mean_cov": 0.8761061946902655,
      "std_cov": 0.0,
      "mean_width": 0.7039388418197632,
      "std_width": 0.0,
      "mean_ece": 0.0632743362831858
    },
    "0.2": {
      "mean_cov": 0.8584070796460177,
      "std_cov": 0.0,
      "mean_width": 0.6343536972999573,
      "std_width": 0.0,
      "mean_ece": 0.08318584070796456
    }
  }
}