{
  "baseline": {
    "mondrian_cp": {
      "mean_cov": 0.9168141592920355,
      "std_cov": 0.02690032593552331,
      "mean_width": 0.7910006165504455,
      "std_width": 0.06850192223628447,
      "mean_ece": 0.05884955752212388
    },
    "chmp": {
      "mean_cov": 0.9146017699115045,
      "std_cov": 0.02717188870414875,
      "mean_width": 0.7896219700574875,
      "std_width": 0.06842000484171845,
      "mean_ece": 0.07274336283185837
    }
  },
  "lambda": {
    "0.0": {
      "mean_cov": 0.9159292035398231,
      "std_cov": 0.027347853345774248,
      "mean_width": 0.7906234413385391,
      "std_width": 0.06890432961771269,
      "mean_ece": 0.06044247787610617
    },
    "0.1": {
      "mean_cov": 0.9154867256637169,
      "std_cov": 0.027629191620794993,
      "mean_width": 0.7910847365856171,
      "std_width": 0.06961500250391717,
      "mean_ece": 0.073716814159292
    },
    "0.2": {
      "mean_cov": 0.9150442477876106,
      "std_cov": 0.02845652246161687,
      "mean_width": 0.78925701379776,
      "std_width": 0.06961012761173971,
      "mean_ece": 0.0721238938053097
    },
    "0.3": {
      "mean_cov": 0.9141592920353985,
      "std_cov": 0.02714665778792561,
      "mean_width": 0.7895129770040512,
      "std_width": 0.07018168306317009,
      "mean_ece": 0.07345132743362828
    },
    "0.5": {
      "mean_cov": 0.9119469026548673,
      "std_cov": 0.02691124106112384,
      "mean_width": 0.7894185185432434,
      "std_width": 0.06823310403853997,
      "mean_ece": 0.07079646017699114
    },
    "0.7": {
      "mean_cov": 0.914159292035398,
      "std_cov": 0.02771762789976252,
      "mean_width": 0.7890594005584717,
      "std_width": 0.06837805564653399,
      "mean_ece": 0.07460176991150441
    },
    "1.0": {
      "mean_cov": 0.9132743362831859,
      "std_cov": 0.027504903129062046,
      "mean_width": 0.7909111827611923,
      "std_width": 0.06673361502564963,
      "mean_ece": 0.0761946902654867
    }
  },
  "alpha": {
    "0.05": {
      "mean_cov": 0.9597345132743362,
      "std_cov": 0.025568177368484345,
      "mean_width": 1.0100197911262512,
      "std_width": 0.11748746879511626,
      "mean_ece": 0.05623893805309736
    },
    "0.1": {
      "mean_cov": 0.9137168141592922,
      "std_cov": 0.027544025659267113,
      "mean_width": 0.788986337184906,
      "std_width": 0.069020546333584,
      "mean_ece": 0.0738938053097345
    },
    "0.15": {
      "mean_cov": 0.8738938053097346,
      "std_cov": 0.03356713110624809,
      "mean_width": 0.6895602166652679,
      "std_width": 0.058411788867853094,
      "mean_ece": 0.09504424778761063
    },
    "0.2": {
      "mean_cov": 0.8097345132743362,
      "std_cov": 0.05118227872892479,
      "mean_width": 0.5771374017000198,
      "std_width": 0.044849312587424875,
      "mean_ece": 0.10920353982300883
    }
  }
}