{
  "baseline": {
    "mondrian_cp": {
      "mean_cov": 0.9163716814159292,
      "std_cov": 0.03696478291315168,
      "mean_width": 0.7690253913402557,
      "std_width": 0.08368894038331637,
      "mean_ece": 0.05442477876106193
    },
    "chmp_mean": {
      "mean_cov": 0.9168141592920354,
      "std_cov": 0.03789843027498028,
      "mean_width": 0.7681593418121337,
      "std_width": 0.08535868942842863,
      "mean_ece": 0.07451327433628316
    },
    "chmp_median": {
      "mean_cov": 0.9168141592920354,
      "std_cov": 0.03779496726382765,
      "mean_width": 0.7683398067951203,
      "std_width": 0.0857112512231342,
      "mean_ece": 0.07513274336283184
    },
    "chmp_median_floor": {
      "mean_cov": 0.9168141592920354,
      "std_cov": 0.03779496726382765,
      "mean_width": 0.7683398067951203,
      "std_width": 0.0857112512231342,
      "mean_ece": 0.07513274336283184
    }
  },
  "lambda": {
    "0.0": {
      "mean_cov": 0.9146017699115043,
      "std_cov": 0.03419125928663982,
      "mean_width": 0.7979170590639114,
      "std_width": 0.0816192832248119,
      "mean_ece": 0.05150442477876105
    },
    "0.1": {
      "mean_cov": 0.9150442477876105,
      "std_cov": 0.034885669636154026,
      "mean_width": 0.79726702272892,
      "std_width": 0.08088945801582659,
      "mean_ece": 0.07725663716814157
    },
    "0.3": {
      "mean_cov": 0.914159292035398,
      "std_cov": 0.035409290307508945,
      "mean_width": 0.7947586894035339,
      "std_width": 0.07842231624426789,
      "mean_ece": 0.07805309734513272
    },
    "0.5": {
      "mean_cov": 0.9132743362831859,
      "std_cov": 0.03579424498434811,
      "mean_width": 0.7940902888774872,
      "std_width": 0.07673575220675173,
      "mean_ece": 0.07999999999999997
    },
    "1.0": {
      "mean_cov": 0.9123893805309734,
      "std_cov": 0.03896821036513982,
      "mean_width": 0.796058714389801,
      "std_width": 0.07270290869015132,
      "mean_ece": 0.07769911504424777
    }
  },
  "alpha": {
    "0.05": {
      "mean_cov": 0.9650442477876107,
      "std_cov": 0.024150538139814492,
      "mean_width": 1.0449586004018783,
      "std_width": 0.10999083335921227,
      "mean_ece": 0.0535840707964602
    },
    "0.1": {
      "mean_cov": 0.9216814159292035,
      "std_cov": 0.031447074179170635,
      "mean_width": 0.7878090262413024,
      "std_width": 0.07248704911760644,
      "mean_ece": 0.06991150442477873
    },
    "0.15": {
      "mean_cov": 0.8836283185840706,
      "std_cov": 0.043197717067096394,
      "mean_width": 0.678521940112114,
      "std_width": 0.05556974344144896,
      "mean_ece": 0.09194690265486725
    },
    "0.2": {
      "mean_cov": 0.80929203539823,
      "std_cov": 0.04915090773869101,
      "mean_width": 0.5645978033542634,
      "std_width": 0.05009439320086213,
      "mean_ece": 0.10840707964601773
    }
  }
}