group,coverage,mean_width
power,0.94,0.8510614633560181
water,0.9736842105263158,0.8128884434700012
telecom,1.0,0.8339796662330627
