dataset,seed,marginal_cov,mean_width,ece,power_cov,water_cov,telecom_cov
ACTIVSg200,42,0.8865979381443299,0.494935542345047,0.05463917525773195,0.9,0.8148148148148148,0.95
IEEE118,42,0.9027777777777778,0.7660388946533203,0.07777777777777779,0.9333333333333333,0.8846153846153846,0.875
ACTIVSg200,123,0.9381443298969072,0.5248960852622986,0.07938144329896904,0.94,0.9259259259259259,0.95
IEEE118,123,0.8888888888888888,0.7699145674705505,0.13055555555555554,0.9333333333333333,0.7692307692307693,1.0
ACTIVSg200,456,0.979381443298969,0.6709076166152954,0.08556701030927832,0.98,0.9629629629629629,1.0
IEEE118,456,0.9027777777777778,0.8776037693023682,0.10000000000000002,0.8333333333333334,0.9230769230769231,1.0
