{
  "baseline": {
    "mondrian_cp": {
      "mean_cov": 0.9216814159292037,
      "std_cov": 0.023292163165047546,
      "mean_width": 0.7882145762443542,
      "std_width": 0.06979234895804702,
      "mean_ece": 0.05115044247787609
    },
    "chmp_mean": {
      "mean_cov": 0.9216814159292037,
      "std_cov": 0.023625998361438055,
      "mean_width": 0.7899550020694732,
      "std_width": 0.06922294000149684,
      "mean_ece": 0.0723008849557522
    },
    "chmp_median": {
      "mean_cov": 0.9207964601769912,
      "std_cov": 0.02298756673957619,
      "mean_width": 0.7897356897592545,
      "std_width": 0.06935764831616997,
      "mean_ece": 0.07115044247787608
    },
    "chmp_median_floor": {
      "mean_cov": 0.9212389380530975,
      "std_cov": 0.022717694961050344,
      "mean_width": 0.7886732369661331,
      "std_width": 0.06877000985852874,
      "mean_ece": 0.06619469026548672
    }
  },
  "advanced": {
    "meta_learned": {
      "mean_cov": 0.9159292035398231,
      "std_cov": 0.027059973188355152,
      "mean_width": 0.7888583898544311,
      "std_width": 0.06690971514068232,
      "mean_ece": 0.07221238938053096
    },
    "chmp_learned_lambda": {
      "mean_cov": 0.9141592920353983,
      "std_cov": 0.02596708097543578,
      "mean_width": 0.7855700492858887,
      "std_width": 0.06164290731911231,
      "mean_ece": 0.06442477876106192
    },
    "chmp_attention": {
      "mean_cov": 0.914159292035398,
      "std_cov": 0.02685662107166995,
      "mean_width": 0.7870897591114044,
      "std_width": 0.06658153267464816,
      "mean_ece": 0.06805309734513271
    },
    "cqr_propagation": {
      "mean_cov": 0.8995575221238937,
      "std_cov": 0.03396143810174649,
      "mean_width": 0.8353937685489654,
      "std_width": 0.06054285868192922,
      "mean_ece": 0.08539823008849554
    }
  },
  "ensemble": {
    "ensemble_cp": {
      "mean_cov": 0.9194690265486724,
      "std_cov": 0.029470488151056136,
      "mean_width": 0.7421980232000351,
      "std_width": 0.05166808696728016,
      "mean_ece": 0.07327433628318582
    }
  },
  "lambda": {
    "0.0": {
      "mean_cov": 0.9079646017699116,
      "std_cov": 0.02845652246161686,
      "mean_width": 0.7819040387868881,
      "std_width": 0.04751416058103764,
      "mean_ece": 0.05646017699115043
    },
    "0.1": {
      "mean_cov": 0.9084070796460179,
      "std_cov": 0.028713370943199337,
      "mean_width": 0.781815254688263,
      "std_width": 0.047811520280364804,
      "mean_ece": 0.0793805309734513
    },
    "0.3": {
      "mean_cov": 0.9092920353982301,
      "std_cov": 0.02796726211161148,
      "mean_width": 0.7821432530879975,
      "std_width": 0.04850356544882195,
      "mean_ece": 0.0754867256637168
    },
    "0.5": {
      "mean_cov": 0.9084070796460176,
      "std_cov": 0.0278831287684746,
      "mean_width": 0.7836380243301392,
      "std_width": 0.04881627358951338,
      "mean_ece": 0.07778761061946901
    },
    "1.0": {
      "mean_cov": 0.9088495575221238,
      "std_cov": 0.024889134708717228,
      "mean_width": 0.7841042220592499,
      "std_width": 0.04924920463682344,
      "mean_ece": 0.07902654867256634
    }
  },
  "alpha": {
    "0.05": {
      "mean_cov": 0.9690265486725664,
      "std_cov": 0.02176703340928997,
      "mean_width": 1.0452438443899155,
      "std_width": 0.11435456951029165,
      "mean_ece": 0.05265486725663719
    },
    "0.1": {
      "mean_cov": 0.9110619469026549,
      "std_cov": 0.037281222838282065,
      "mean_width": 0.7848720550537109,
      "std_width": 0.09059256337721337,
      "mean_ece": 0.07690265486725663
    },
    "0.15": {
      "mean_cov": 0.8641592920353984,
      "std_cov": 0.05341168019132046,
      "mean_width": 0.6713362842798233,
      "std_width": 0.053792915499650276,
      "mean_ece": 0.1021238938053097
    },
    "0.2": {
      "mean_cov": 0.80929203539823,
      "std_cov": 0.06108598987988403,
      "mean_width": 0.5762752637267112,
      "std_width": 0.06419489067483938,
      "mean_ece": 0.11566371681415928
    }
  }
}