{
  "baseline": {
    "mondrian_cp": {
      "mean_cov": 0.9075221238938053,
      "std_cov": 0.031471967968288994,
      "mean_width": 0.7939166307449341,
      "std_width": 0.07199040369378723,
      "mean_ece": 0.05654867256637166
    },
    "chmp_mean": {
      "mean_cov": 0.9079646017699116,
      "std_cov": 0.029536848262440067,
      "mean_width": 0.7933688431978225,
      "std_width": 0.07119924763766404,
      "mean_ece": 0.07991150442477872
    },
    "chmp_median": {
      "mean_cov": 0.9075221238938054,
      "std_cov": 0.03020215388775491,
      "mean_width": 0.7934538036584854,
      "std_width": 0.07105388998240776,
      "mean_ece": 0.07805309734513273
    },
    "chmp_median_floor": {
      "mean_cov": 0.9079646017699116,
      "std_cov": 0.03195658422171291,
      "mean_width": 0.7935842365026474,
      "std_width": 0.0715879355624661,
      "mean_ece": 0.06734513274336283
    }
  },
  "advanced": {
    "meta_learned": {
      "mean_cov": 0.9163716814159292,
      "std_cov": 0.02705635530302735,
      "mean_width": 0.7918820470571518,
      "std_width": 0.06926861521082969,
      "mean_ece": 0.07539823008849555
    },
    "chmp_learned_lambda": {
      "mean_cov": 0.9141592920353983,
      "std_cov": 0.026266941733904137,
      "mean_width": 0.7884420841932297,
      "std_width": 0.06394250517258615,
      "mean_ece": 0.06530973451327432
    },
    "chmp_attention": {
      "mean_cov": 0.914159292035398,
      "std_cov": 0.02714665778792561,
      "mean_width": 0.7901461005210877,
      "std_width": 0.06955825358847258,
      "mean_ece": 0.06999999999999995
    },
    "cqr_propagation": {
      "mean_cov": 0.9004424778761061,
      "std_cov": 0.03379963349463312,
      "mean_width": 0.8381992757320404,
      "std_width": 0.06342284853247042,
      "mean_ece": 0.08300884955752211
    }
  },
  "ensemble": {
    "ensemble_cp": {
      "mean_cov": 0.9194690265486724,
      "std_cov": 0.029470488151056136,
      "mean_width": 0.7425790369510651,
      "std_width": 0.051889450915241775,
      "mean_ece": 0.07336283185840706
    }
  },
  "lambda": {
    "0.0": {
      "mean_cov": 0.9154867256637169,
      "std_cov": 0.03257250327040662,
      "mean_width": 0.7924164921045304,
      "std_width": 0.07793311293109378,
      "mean_ece": 0.055663716814159284
    },
    "0.1": {
      "mean_cov": 0.9154867256637169,
      "std_cov": 0.03196577286930445,
      "mean_width": 0.7907788068056106,
      "std_width": 0.07713099019835644,
      "mean_ece": 0.0689380530973451
    },
    "0.3": {
      "mean_cov": 0.9154867256637168,
      "std_cov": 0.028740632635495544,
      "mean_width": 0.7888300687074661,
      "std_width": 0.07544058782276922,
      "mean_ece": 0.06725663716814156
    },
    "0.5": {
      "mean_cov": 0.9146017699115043,
      "std_cov": 0.02871337094319933,
      "mean_width": 0.7884152561426163,
      "std_width": 0.07301842899585896,
      "mean_ece": 0.06849557522123892
    },
    "1.0": {
      "mean_cov": 0.9119469026548673,
      "std_cov": 0.029011840650947796,
      "mean_width": 0.7914112687110901,
      "std_width": 0.07107263501620467,
      "mean_ece": 0.07115044247787608
    }
  },
  "alpha": {
    "0.05": {
      "mean_cov": 0.9606194690265488,
      "std_cov": 0.020843479138608623,
      "mean_width": 1.0318066269159316,
      "std_width": 0.13719667020035622,
      "mean_ece": 0.05650442477876109
    },
    "0.1": {
      "mean_cov": 0.9106194690265486,
      "std_cov": 0.03152480200098565,
      "mean_width": 0.789481908082962,
      "std_width": 0.07359575998945021,
      "mean_ece": 0.07831858407079643
    },
    "0.15": {
      "mean_cov": 0.8654867256637166,
      "std_cov": 0.0406116598427744,
      "mean_width": 0.6696459889411926,
      "std_width": 0.06184277136175042,
      "mean_ece": 0.09668141592920354
    },
    "0.2": {
      "mean_cov": 0.8150442477876106,
      "std_cov": 0.04926430322023639,
      "mean_width": 0.5888447120785714,
      "std_width": 0.058534528045424444,
      "mean_ece": 0.11185840707964603
    }
  }
}