seed,method,mean_width,std_width,cv_width,marginal_cov,decile_1_cov,decile_2_cov,decile_3_cov,decile_4_cov,decile_5_cov
42,mondrian,0.6666833162307739,0.05744263902306557,0.08616180717945099,0.9469026548672567,0.9411764705882353,0.875,0.8823529411764706,1.0,1.0
42,chmp,0.6572752594947815,0.06690724939107895,0.10179486870765686,0.9469026548672567,0.9523809523809523,0.875,0.9130434782608695,1.0,1.0
123,mondrian,0.7725926041603088,0.14615455269813538,0.18917416036128998,0.8938053097345132,1.0,0.8333333333333334,0.84375,0.9285714285714286,0.88
123,chmp,0.7689087986946106,0.14916488528251648,0.19399555027484894,0.8938053097345132,0.8260869565217391,0.9090909090909091,0.8695652173913043,1.0,0.8695652173913043
456,mondrian,0.7189843654632568,0.20238910615444183,0.28149306774139404,0.8672566371681416,0.65,0.6,,0.9,0.9736842105263158
456,chmp,0.7139281630516052,0.19792981445789337,0.277240514755249,0.8584070796460177,0.6086956521739131,0.9090909090909091,0.8695652173913043,1.0,0.9130434782608695
