{
  "overall_coverage": 0.9646017699115044,
  "overall_width": 0.8344454765319824,
  "worst_group_gap": 0.03539823008849563,
  "per_type_coverage": {
    "power": 0.94,
    "water": 0.9736842105263158,
    "telecom": 1.0
  },
  "per_type_width": {
    "power": 0.8510614633560181,
    "water": 0.8128884434700012,
    "telecom": 0.8339796662330627
  },
  "feature_binned_coverage": {
    "power": {
      "bin_centers": [
        0.22743636667728426,
        0.40596582889556887,
        0.588820344209671,
        0.7865122735500336,
        0.9346177160739899
      ],
      "coverage": [
        0.9,
        1.0,
        1.0,
        1.0,
        0.8
      ],
      "bin_sizes": [
        10,
        10,
        10,
        10,
        10
      ]
    },
    "water": {
      "bin_centers": [
        0.21180443316698075,
        0.40211519598960876,
        0.5907584249973297,
        0.7389346957206726,
        0.8920656561851501
      ],
      "coverage": [
        0.875,
        1.0,
        1.0,
        1.0,
        1.0
      ],
      "bin_sizes": [
        8,
        7,
        8,
        7,
        8
      ]
    },
    "telecom": {
      "bin_centers": [
        0.322087861597538,
        0.49737810492515566,
        0.6371726274490357,
        0.8128819584846496,
        0.9588175296783448
      ],
      "coverage": [
        1.0,
        1.0,
        1.0,
        1.0,
        1.0
      ],
      "bin_sizes": [
        5,
        5,
        5,
        5,
        5
      ]
    }
  }
}