Gamma,p (upper),Significant at 0.05
1.0,0.1129986812667243,No
1.25,0.4169396723798835,No
1.5,0.7276262472049871,No
1.75,0.9029762396186529,No
2.0,0.9716186716974026,No
2.5,0.9983529607975136,No
3.0,0.9999305414386794,No
