Method,Estimand,Effect,95% CI,p,Mean |SMD| after
Regression adjustment,ATE,1.9846249321644263,"[1.807, 2.231]",1.5341017594174085e-72,0.4101570945338573
Propensity matching,ATT,1.7069487424995728,"[1.403, 2.408]",5.5420051344068355e-05,0.05052043831836204
IPW,ATE,1.927137190707402,"[1.610, 2.194]",0.029110604824800657,0.01574644379960979
Doubly robust,ATE,1.9354540855590772,"[1.736, 2.155]",0.0,0.015746443799608996
