Method,Estimand,Effect,95% CI,p,Mean |SMD| after
Regression adjustment,ATE,1480.6609612042494,"[200.6, 2,515.4]",0.05765017697937161,0.40968470012688657
Propensity matching,ATT,1429.146070833333,"[230.2, 2,705.4]",0.1039378103957811,0.060820366670448454
IPW,ATE,1463.9472999310256,"[318.0, 3,781.3]",0.11312697515171144,0.0958671379088994
Doubly robust,ATE,1709.503487405228,"[535.4, 2,578.0]",0.010919133081418897,0.09751886548992271
