Method,Estimand,Effect,95% CI,p,Mean |SMD| after
Regression adjustment,ATE,3.3341674140824518,"[2.239, 3.930]",6.79265457494549e-14,0.1521322101281169
Propensity matching,ATT,3.2117884332647817,"[2.367, 4.261]",2.0990478244442556e-09,0.029879113398767032
IPW,ATE,3.2634978711907743,"[2.108, 4.013]",2.6896615157312453e-08,0.012853630864701801
Doubly robust,ATE,3.293647427944588,"[2.140, 4.040]",3.415645544180279e-11,0.012853630864701768
