bias,adjusted_effect,adjusted_ci_low,adjusted_ci_high
0.0,798.718243476316,-616.7691365125402,2835.4675409499832
199.679560869079,599.038682607237,-816.4486973816192,2635.787980080904
399.359121738158,399.359121738158,-1016.1282582506982,2436.108419211825
599.038682607237,199.67956086907907,-1215.8078191197772,2236.428858342746
798.718243476316,0.0,-1415.4873799888562,2036.7492974736672
998.3978043453951,-199.67956086907907,-1615.1669408579353,1837.0697366045881
