method,estimand,effect,ci_low,ci_high,overlap_ok,mean_abs_balance_before,mean_abs_balance_after
RegressionAdjustmentEstimator,ATE,1548.2438020003797,804.0844168323704,2816.6734228586993,True,0.5085763727684149,0.5085763727684149
PropensityMatcher,ATT,1540.0712793577982,-279.35200894221964,2490.5729756434516,True,0.5085763727684149,0.07344052274257647
IPWEstimator,ATE,232.42121949850025,-981.2645172946402,2781.8824037097065,True,0.5085763727684149,0.14935561296631406
DoublyRobustEstimator,ATE,798.718243476316,-616.7691365125402,2835.4675409499832,True,0.5085763727684149,0.15822617744353895
